Material Code,Description,Category,Subcategory,Unit,Manufacturer,Part Number
CPCL-BLT-001,SS304 HEX BOLT M10 X 50,Fasteners,Bolts,NOS,Unbrako,UB-1050
CPCL-BLT-002,ASTM A193 GR B7 STUD BOLT 3/4" X 100MM WITH 2 NUTS,Fasteners,Stud Bolts,SET,Sundaram Fasteners,SFS-B7-75
CPCL-VLV-101,GATE VALVE 2 INCH CLASS 150# FLANGED RF WCB BODY TRIM 8 API 600,Valves,Gate Valves,NOS,L&T Valves,LNT-150-2
CPCL-VLV-205,BALL VALVE 3 INCH CLASS 150# FLANGED FULL BORE SS316 BODY PTFE SEAT,Valves,Ball Valves,NOS,Microfinish,MF-BV-3-150
CPCL-PIP-010,SEAMLESS PIPE 4 INCH SCH 40 ASTM A106 GR B,Piping,Carbon Steel Pipes,MTR,Jindal Saw,JIN-4-SCH40
CPCL-PIP-022,STAINLESS STEEL SEAMLESS PIPE 2 INCH SCH 40S ASTM A312 TP304,Piping,SS Pipes,MTR,Ratnamani,RAT-2-304
CPCL-FLG-001,WNRF FLANGE 3 INCH CLASS 150# SCH 40 ASTM A105 ASME B16.5,Piping,Flanges,NOS,Metalfar,MF-3-150
CPCL-GSK-001,SPIRAL WOUND GASKET 2 INCH CLASS 150# SS304 WITH GRAPHITE FILLER ASME B16.20,Gaskets & Seals,Metallic,NOS,Klinger,KLG-SP-2-150
CPCL-ELE-042,PRESSURE TRANSMITTER 4-20 MA SMART HART 0-10 BAR SS316 DIAPHRAGM,Instrumentation,Transmitters,NOS,Yokogawa,YKG-EJA530E
CPCL-PMP-110,CENTRIFUGAL PUMP IMPELLER SS316 CLOSED TYPE DIA 210 MM,Mechanical Spares,Pump Spares,NOS,Sulzer,SLZ-210-IMP
